# q(ang^-1),meV
0.368470698,43.10590751
0.429152415,52.97362808
0.456232471,67.88000246
0.477059624,79.66070859
0.552491925,83.04332249
0.610970852,102.0426899
0.659029204,115.7525037
0.7238562,129.7066677
0.696583015,131.3823564
0.761412809,145.0962007
0.84090362,160.0151704